{"cameraMode":{"drawMode":0,"name":"Shaded","section":"Shading Mode"},"sceneLighting":true,"audioPlay":false,"sceneViewState":{"m_AlwaysRefresh":false,"showFog":true,"showSkybox":true,"showFlares":true,"showImageEffects":true,"showParticleSystems":true,"showVisualEffectGraphs":true,"m_FxEnabled":true},"in2DMode":false,"pivot":{"x":0.05324840545654297,"y":-0.41249942779541018,"z":-0.787895679473877},"rotation":{"x":-0.042217984795570376,"y":0.8628674745559692,"z":-0.4984411597251892,"w":-0.07353394478559494},"size":6.921142101287842,"orthographic":false}